expression,expression_length
S,1
NS,2
TS,2
NNS,3
NTS,3
TNS,3
TTS,3
NNNS,4
NNTS,4
NTNS,4
NTTS,4
TNNS,4
TNTS,4
TTNS,4
TTTS,4
NNNNS,5
NNNTS,5
NNTNS,5
NNTTS,5
NTNNS,5
NTNTS,5
NTTNS,5
NTTTS,5
TNNNS,5
TNNTS,5
TNTNS,5
TNTTS,5
TTNNS,5
TTNTS,5
TTTNS,5
TTTTS,5
NNNNNS,6
NNNNTS,6
NNNTNS,6
NNNTTS,6
NNTNNS,6
NNTNTS,6
NNTTNS,6
NNTTTS,6
NTNNNS,6
NTNNTS,6
NTNTNS,6
NTNTTS,6
NTTNNS,6
NTTNTS,6
NTTTNS,6
NTTTTS,6
TNNNNS,6
TNNNTS,6
TNNTNS,6
TNNTTS,6
TNTNNS,6
TNTNTS,6
TNTTNS,6
TNTTTS,6
TTNNNS,6
TTNNTS,6
TTNTNS,6
TTNTTS,6
TTTNNS,6
TTTNTS,6
TTTTNS,6
TTTTTS,6
NNNNNNS,7
NNNNNTS,7
NNNNTNS,7
NNNNTTS,7
NNNTNNS,7
NNNTNTS,7
NNNTTNS,7
NNNTTTS,7
NNTNNNS,7
NNTNNTS,7
NNTNTNS,7
NNTNTTS,7
NNTTNNS,7
NNTTNTS,7
NNTTTNS,7
NNTTTTS,7
NTNNNNS,7
NTNNNTS,7
NTNNTNS,7
NTNNTTS,7
NTNTNNS,7
NTNTNTS,7
NTNTTNS,7
NTNTTTS,7
NTTNNNS,7
NTTNNTS,7
NTTNTNS,7
NTTNTTS,7
NTTTNNS,7
NTTTNTS,7
NTTTTNS,7
NTTTTTS,7
TNNNNNS,7
TNNNNTS,7
TNNNTNS,7
TNNNTTS,7
TNNTNNS,7
TNNTNTS,7
TNNTTNS,7
TNNTTTS,7
TNTNNNS,7
TNTNNTS,7
TNTNTNS,7
TNTNTTS,7
TNTTNNS,7
TNTTNTS,7
TNTTTNS,7
TNTTTTS,7
TTNNNNS,7
TTNNNTS,7
TTNNTNS,7
TTNNTTS,7
TTNTNNS,7
TTNTNTS,7
TTNTTNS,7
TTNTTTS,7
TTTNNNS,7
TTTNNTS,7
TTTNTNS,7
TTTNTTS,7
TTTTNNS,7
TTTTNTS,7
TTTTTNS,7
TTTTTTS,7
NNNNNNNS,8
NNNNNNTS,8
NNNNNTNS,8
NNNNNTTS,8
NNNNTNNS,8
NNNNTNTS,8
NNNNTTNS,8
NNNNTTTS,8
NNNTNNNS,8
NNNTNNTS,8
NNNTNTNS,8
NNNTNTTS,8
NNNTTNNS,8
NNNTTNTS,8
NNNTTTNS,8
NNNTTTTS,8
NNTNNNNS,8
NNTNNNTS,8
NNTNNTNS,8
NNTNNTTS,8
NNTNTNNS,8
NNTNTNTS,8
NNTNTTNS,8
NNTNTTTS,8
NNTTNNNS,8
NNTTNNTS,8
NNTTNTNS,8
NNTTNTTS,8
NNTTTNNS,8
NNTTTNTS,8
NNTTTTNS,8
NNTTTTTS,8
NTNNNNNS,8
NTNNNNTS,8
NTNNNTNS,8
NTNNNTTS,8
NTNNTNNS,8
NTNNTNTS,8
NTNNTTNS,8
NTNNTTTS,8
NTNTNNNS,8
NTNTNNTS,8
NTNTNTNS,8
NTNTNTTS,8
NTNTTNNS,8
NTNTTNTS,8
NTNTTTNS,8
NTNTTTTS,8
NTTNNNNS,8
NTTNNNTS,8
NTTNNTNS,8
NTTNNTTS,8
NTTNTNNS,8
NTTNTNTS,8
NTTNTTNS,8
NTTNTTTS,8
NTTTNNNS,8
NTTTNNTS,8
NTTTNTNS,8
NTTTNTTS,8
NTTTTNNS,8
NTTTTNTS,8
NTTTTTNS,8
NTTTTTTS,8
TNNNNNNS,8
TNNNNNTS,8
TNNNNTNS,8
TNNNNTTS,8
TNNNTNNS,8
TNNNTNTS,8
TNNNTTNS,8
TNNNTTTS,8
TNNTNNNS,8
TNNTNNTS,8
TNNTNTNS,8
TNNTNTTS,8
TNNTTNNS,8
TNNTTNTS,8
TNNTTTNS,8
TNNTTTTS,8
TNTNNNNS,8
TNTNNNTS,8
TNTNNTNS,8
TNTNNTTS,8
TNTNTNNS,8
TNTNTNTS,8
TNTNTTNS,8
TNTNTTTS,8
TNTTNNNS,8
TNTTNNTS,8
TNTTNTNS,8
TNTTNTTS,8
TNTTTNNS,8
TNTTTNTS,8
TNTTTTNS,8
TNTTTTTS,8
TTNNNNNS,8
TTNNNNTS,8
TTNNNTNS,8
TTNNNTTS,8
TTNNTNNS,8
TTNNTNTS,8
TTNNTTNS,8
TTNNTTTS,8
TTNTNNNS,8
TTNTNNTS,8
TTNTNTNS,8
TTNTNTTS,8
TTNTTNNS,8
TTNTTNTS,8
TTNTTTNS,8
TTNTTTTS,8
TTTNNNNS,8
TTTNNNTS,8
TTTNNTNS,8
TTTNNTTS,8
TTTNTNNS,8
TTTNTNTS,8
TTTNTTNS,8
TTTNTTTS,8
TTTTNNNS,8
TTTTNNTS,8
TTTTNTNS,8
TTTTNTTS,8
TTTTTNNS,8
TTTTTNTS,8
TTTTTTNS,8
TTTTTTTS,8
NNNNNNNNS,9
NNNNNNNTS,9
NNNNNNTNS,9
NNNNNNTTS,9
NNNNNTNNS,9
NNNNNTNTS,9
NNNNNTTNS,9
NNNNNTTTS,9
NNNNTNNNS,9
NNNNTNNTS,9
NNNNTNTNS,9
NNNNTNTTS,9
NNNNTTNNS,9
NNNNTTNTS,9
NNNNTTTNS,9
NNNNTTTTS,9
NNNTNNNNS,9
NNNTNNNTS,9
NNNTNNTNS,9
NNNTNNTTS,9
NNNTNTNNS,9
NNNTNTNTS,9
NNNTNTTNS,9
NNNTNTTTS,9
NNNTTNNNS,9
NNNTTNNTS,9
NNNTTNTNS,9
NNNTTNTTS,9
NNNTTTNNS,9
NNNTTTNTS,9
NNNTTTTNS,9
NNNTTTTTS,9
NNTNNNNNS,9
NNTNNNNTS,9
NNTNNNTNS,9
NNTNNNTTS,9
NNTNNTNNS,9
NNTNNTNTS,9
NNTNNTTNS,9
NNTNNTTTS,9
NNTNTNNNS,9
NNTNTNNTS,9
NNTNTNTNS,9
NNTNTNTTS,9
NNTNTTNNS,9
NNTNTTNTS,9
NNTNTTTNS,9
NNTNTTTTS,9
NNTTNNNNS,9
NNTTNNNTS,9
NNTTNNTNS,9
NNTTNNTTS,9
NNTTNTNNS,9
NNTTNTNTS,9
NNTTNTTNS,9
NNTTNTTTS,9
NNTTTNNNS,9
NNTTTNNTS,9
NNTTTNTNS,9
NNTTTNTTS,9
NNTTTTNNS,9
NNTTTTNTS,9
NNTTTTTNS,9
NNTTTTTTS,9
NTNNNNNNS,9
NTNNNNNTS,9
NTNNNNTNS,9
NTNNNNTTS,9
NTNNNTNNS,9
NTNNNTNTS,9
NTNNNTTNS,9
NTNNNTTTS,9
NTNNTNNNS,9
NTNNTNNTS,9
NTNNTNTNS,9
NTNNTNTTS,9
NTNNTTNNS,9
NTNNTTNTS,9
NTNNTTTNS,9
NTNNTTTTS,9
NTNTNNNNS,9
NTNTNNNTS,9
NTNTNNTNS,9
NTNTNNTTS,9
NTNTNTNNS,9
NTNTNTNTS,9
NTNTNTTNS,9
NTNTNTTTS,9
NTNTTNNNS,9
NTNTTNNTS,9
NTNTTNTNS,9
NTNTTNTTS,9
NTNTTTNNS,9
NTNTTTNTS,9
NTNTTTTNS,9
NTNTTTTTS,9
NTTNNNNNS,9
NTTNNNNTS,9
NTTNNNTNS,9
NTTNNNTTS,9
NTTNNTNNS,9
NTTNNTNTS,9
NTTNNTTNS,9
NTTNNTTTS,9
NTTNTNNNS,9
NTTNTNNTS,9
NTTNTNTNS,9
NTTNTNTTS,9
NTTNTTNNS,9
NTTNTTNTS,9
NTTNTTTNS,9
NTTNTTTTS,9
NTTTNNNNS,9
NTTTNNNTS,9
NTTTNNTNS,9
NTTTNNTTS,9
NTTTNTNNS,9
NTTTNTNTS,9
NTTTNTTNS,9
NTTTNTTTS,9
NTTTTNNNS,9
NTTTTNNTS,9
NTTTTNTNS,9
NTTTTNTTS,9
NTTTTTNNS,9
NTTTTTNTS,9
NTTTTTTNS,9
NTTTTTTTS,9
TNNNNNNNS,9
TNNNNNNTS,9
TNNNNNTNS,9
TNNNNNTTS,9
TNNNNTNNS,9
TNNNNTNTS,9
TNNNNTTNS,9
TNNNNTTTS,9
TNNNTNNNS,9
TNNNTNNTS,9
TNNNTNTNS,9
TNNNTNTTS,9
TNNNTTNNS,9
TNNNTTNTS,9
TNNNTTTNS,9
TNNNTTTTS,9
TNNTNNNNS,9
TNNTNNNTS,9
TNNTNNTNS,9
TNNTNNTTS,9
TNNTNTNNS,9
TNNTNTNTS,9
TNNTNTTNS,9
TNNTNTTTS,9
TNNTTNNNS,9
TNNTTNNTS,9
TNNTTNTNS,9
TNNTTNTTS,9
TNNTTTNNS,9
TNNTTTNTS,9
TNNTTTTNS,9
TNNTTTTTS,9
TNTNNNNNS,9
TNTNNNNTS,9
TNTNNNTNS,9
TNTNNNTTS,9
TNTNNTNNS,9
TNTNNTNTS,9
TNTNNTTNS,9
TNTNNTTTS,9
TNTNTNNNS,9
TNTNTNNTS,9
TNTNTNTNS,9
TNTNTNTTS,9
TNTNTTNNS,9
TNTNTTNTS,9
TNTNTTTNS,9
TNTNTTTTS,9
TNTTNNNNS,9
TNTTNNNTS,9
TNTTNNTNS,9
TNTTNNTTS,9
TNTTNTNNS,9
TNTTNTNTS,9
TNTTNTTNS,9
TNTTNTTTS,9
TNTTTNNNS,9
TNTTTNNTS,9
TNTTTNTNS,9
TNTTTNTTS,9
TNTTTTNNS,9
TNTTTTNTS,9
TNTTTTTNS,9
TNTTTTTTS,9
TTNNNNNNS,9
TTNNNNNTS,9
TTNNNNTNS,9
TTNNNNTTS,9
TTNNNTNNS,9
TTNNNTNTS,9
TTNNNTTNS,9
TTNNNTTTS,9
TTNNTNNNS,9
TTNNTNNTS,9
TTNNTNTNS,9
TTNNTNTTS,9
TTNNTTNNS,9
TTNNTTNTS,9
TTNNTTTNS,9
TTNNTTTTS,9
TTNTNNNNS,9
TTNTNNNTS,9
TTNTNNTNS,9
TTNTNNTTS,9
TTNTNTNNS,9
TTNTNTNTS,9
TTNTNTTNS,9
TTNTNTTTS,9
TTNTTNNNS,9
TTNTTNNTS,9
TTNTTNTNS,9
TTNTTNTTS,9
TTNTTTNNS,9
TTNTTTNTS,9
TTNTTTTNS,9
TTNTTTTTS,9
TTTNNNNNS,9
TTTNNNNTS,9
TTTNNNTNS,9
TTTNNNTTS,9
TTTNNTNNS,9
TTTNNTNTS,9
TTTNNTTNS,9
TTTNNTTTS,9
TTTNTNNNS,9
TTTNTNNTS,9
TTTNTNTNS,9
TTTNTNTTS,9
TTTNTTNNS,9
TTTNTTNTS,9
TTTNTTTNS,9
TTTNTTTTS,9
TTTTNNNNS,9
TTTTNNNTS,9
TTTTNNTNS,9
TTTTNNTTS,9
TTTTNTNNS,9
TTTTNTNTS,9
TTTTNTTNS,9
TTTTNTTTS,9
TTTTTNNNS,9
TTTTTNNTS,9
TTTTTNTNS,9
TTTTTNTTS,9
TTTTTTNNS,9
TTTTTTNTS,9
TTTTTTTNS,9
TTTTTTTTS,9
NNNNNNNNNS,10
NNNNNNNNTS,10
NNNNNNNTNS,10
NNNNNNNTTS,10
NNNNNNTNNS,10
NNNNNNTNTS,10
NNNNNNTTNS,10
NNNNNNTTTS,10
NNNNNTNNNS,10
NNNNNTNNTS,10
NNNNNTNTNS,10
NNNNNTNTTS,10
NNNNNTTNNS,10
NNNNNTTNTS,10
NNNNNTTTNS,10
NNNNNTTTTS,10
NNNNTNNNNS,10
NNNNTNNNTS,10
NNNNTNNTNS,10
NNNNTNNTTS,10
NNNNTNTNNS,10
NNNNTNTNTS,10
NNNNTNTTNS,10
NNNNTNTTTS,10
NNNNTTNNNS,10
NNNNTTNNTS,10
NNNNTTNTNS,10
NNNNTTNTTS,10
NNNNTTTNNS,10
NNNNTTTNTS,10
NNNNTTTTNS,10
NNNNTTTTTS,10
NNNTNNNNNS,10
NNNTNNNNTS,10
NNNTNNNTNS,10
NNNTNNNTTS,10
NNNTNNTNNS,10
NNNTNNTNTS,10
NNNTNNTTNS,10
NNNTNNTTTS,10
NNNTNTNNNS,10
NNNTNTNNTS,10
NNNTNTNTNS,10
NNNTNTNTTS,10
NNNTNTTNNS,10
NNNTNTTNTS,10
NNNTNTTTNS,10
NNNTNTTTTS,10
NNNTTNNNNS,10
NNNTTNNNTS,10
NNNTTNNTNS,10
NNNTTNNTTS,10
NNNTTNTNNS,10
NNNTTNTNTS,10
NNNTTNTTNS,10
NNNTTNTTTS,10
NNNTTTNNNS,10
NNNTTTNNTS,10
NNNTTTNTNS,10
NNNTTTNTTS,10
NNNTTTTNNS,10
NNNTTTTNTS,10
NNNTTTTTNS,10
NNNTTTTTTS,10
NNTNNNNNNS,10
NNTNNNNNTS,10
NNTNNNNTNS,10
NNTNNNNTTS,10
NNTNNNTNNS,10
NNTNNNTNTS,10
NNTNNNTTNS,10
NNTNNNTTTS,10
NNTNNTNNNS,10
NNTNNTNNTS,10
NNTNNTNTNS,10
NNTNNTNTTS,10
NNTNNTTNNS,10
NNTNNTTNTS,10
NNTNNTTTNS,10
NNTNNTTTTS,10
NNTNTNNNNS,10
NNTNTNNNTS,10
NNTNTNNTNS,10
NNTNTNNTTS,10
NNTNTNTNNS,10
NNTNTNTNTS,10
NNTNTNTTNS,10
NNTNTNTTTS,10
NNTNTTNNNS,10
NNTNTTNNTS,10
NNTNTTNTNS,10
NNTNTTNTTS,10
NNTNTTTNNS,10
NNTNTTTNTS,10
NNTNTTTTNS,10
NNTNTTTTTS,10
NNTTNNNNNS,10
NNTTNNNNTS,10
NNTTNNNTNS,10
NNTTNNNTTS,10
NNTTNNTNNS,10
NNTTNNTNTS,10
NNTTNNTTNS,10
NNTTNNTTTS,10
NNTTNTNNNS,10
NNTTNTNNTS,10
NNTTNTNTNS,10
NNTTNTNTTS,10
NNTTNTTNNS,10
NNTTNTTNTS,10
NNTTNTTTNS,10
NNTTNTTTTS,10
NNTTTNNNNS,10
NNTTTNNNTS,10
NNTTTNNTNS,10
NNTTTNNTTS,10
NNTTTNTNNS,10
NNTTTNTNTS,10
NNTTTNTTNS,10
NNTTTNTTTS,10
NNTTTTNNNS,10
NNTTTTNNTS,10
NNTTTTNTNS,10
NNTTTTNTTS,10
NNTTTTTNNS,10
NNTTTTTNTS,10
NNTTTTTTNS,10
NNTTTTTTTS,10
NTNNNNNNNS,10
NTNNNNNNTS,10
NTNNNNNTNS,10
NTNNNNNTTS,10
NTNNNNTNNS,10
NTNNNNTNTS,10
NTNNNNTTNS,10
NTNNNNTTTS,10
NTNNNTNNNS,10
NTNNNTNNTS,10
NTNNNTNTNS,10
NTNNNTNTTS,10
NTNNNTTNNS,10
NTNNNTTNTS,10
NTNNNTTTNS,10
NTNNNTTTTS,10
NTNNTNNNNS,10
NTNNTNNNTS,10
NTNNTNNTNS,10
NTNNTNNTTS,10
NTNNTNTNNS,10
NTNNTNTNTS,10
NTNNTNTTNS,10
NTNNTNTTTS,10
NTNNTTNNNS,10
NTNNTTNNTS,10
NTNNTTNTNS,10
NTNNTTNTTS,10
NTNNTTTNNS,10
NTNNTTTNTS,10
NTNNTTTTNS,10
NTNNTTTTTS,10
NTNTNNNNNS,10
NTNTNNNNTS,10
NTNTNNNTNS,10
NTNTNNNTTS,10
NTNTNNTNNS,10
NTNTNNTNTS,10
NTNTNNTTNS,10
NTNTNNTTTS,10
NTNTNTNNNS,10
NTNTNTNNTS,10
NTNTNTNTNS,10
NTNTNTNTTS,10
NTNTNTTNNS,10
NTNTNTTNTS,10
NTNTNTTTNS,10
NTNTNTTTTS,10
NTNTTNNNNS,10
NTNTTNNNTS,10
NTNTTNNTNS,10
NTNTTNNTTS,10
NTNTTNTNNS,10
NTNTTNTNTS,10
NTNTTNTTNS,10
NTNTTNTTTS,10
NTNTTTNNNS,10
NTNTTTNNTS,10
NTNTTTNTNS,10
NTNTTTNTTS,10
NTNTTTTNNS,10
NTNTTTTNTS,10
NTNTTTTTNS,10
NTNTTTTTTS,10
NTTNNNNNNS,10
NTTNNNNNTS,10
NTTNNNNTNS,10
NTTNNNNTTS,10
NTTNNNTNNS,10
NTTNNNTNTS,10
NTTNNNTTNS,10
NTTNNNTTTS,10
NTTNNTNNNS,10
NTTNNTNNTS,10
NTTNNTNTNS,10
NTTNNTNTTS,10
NTTNNTTNNS,10
NTTNNTTNTS,10
NTTNNTTTNS,10
NTTNNTTTTS,10
NTTNTNNNNS,10
NTTNTNNNTS,10
NTTNTNNTNS,10
NTTNTNNTTS,10
NTTNTNTNNS,10
NTTNTNTNTS,10
NTTNTNTTNS,10
NTTNTNTTTS,10
NTTNTTNNNS,10
NTTNTTNNTS,10
NTTNTTNTNS,10
NTTNTTNTTS,10
NTTNTTTNNS,10
NTTNTTTNTS,10
NTTNTTTTNS,10
NTTNTTTTTS,10
NTTTNNNNNS,10
NTTTNNNNTS,10
NTTTNNNTNS,10
NTTTNNNTTS,10
NTTTNNTNNS,10
NTTTNNTNTS,10
NTTTNNTTNS,10
NTTTNNTTTS,10
NTTTNTNNNS,10
NTTTNTNNTS,10
NTTTNTNTNS,10
NTTTNTNTTS,10
NTTTNTTNNS,10
NTTTNTTNTS,10
NTTTNTTTNS,10
NTTTNTTTTS,10
NTTTTNNNNS,10
NTTTTNNNTS,10
NTTTTNNTNS,10
NTTTTNNTTS,10
NTTTTNTNNS,10
NTTTTNTNTS,10
NTTTTNTTNS,10
NTTTTNTTTS,10
NTTTTTNNNS,10
NTTTTTNNTS,10
NTTTTTNTNS,10
NTTTTTNTTS,10
NTTTTTTNNS,10
NTTTTTTNTS,10
NTTTTTTTNS,10
NTTTTTTTTS,10
TNNNNNNNNS,10
TNNNNNNNTS,10
TNNNNNNTNS,10
TNNNNNNTTS,10
TNNNNNTNNS,10
TNNNNNTNTS,10
TNNNNNTTNS,10
TNNNNNTTTS,10
TNNNNTNNNS,10
TNNNNTNNTS,10
TNNNNTNTNS,10
TNNNNTNTTS,10
TNNNNTTNNS,10
TNNNNTTNTS,10
TNNNNTTTNS,10
TNNNNTTTTS,10
TNNNTNNNNS,10
TNNNTNNNTS,10
TNNNTNNTNS,10
TNNNTNNTTS,10
TNNNTNTNNS,10
TNNNTNTNTS,10
TNNNTNTTNS,10
TNNNTNTTTS,10
TNNNTTNNNS,10
TNNNTTNNTS,10
TNNNTTNTNS,10
TNNNTTNTTS,10
TNNNTTTNNS,10
TNNNTTTNTS,10
TNNNTTTTNS,10
TNNNTTTTTS,10
TNNTNNNNNS,10
TNNTNNNNTS,10
TNNTNNNTNS,10
TNNTNNNTTS,10
TNNTNNTNNS,10
TNNTNNTNTS,10
TNNTNNTTNS,10
TNNTNNTTTS,10
TNNTNTNNNS,10
TNNTNTNNTS,10
TNNTNTNTNS,10
TNNTNTNTTS,10
TNNTNTTNNS,10
TNNTNTTNTS,10
TNNTNTTTNS,10
TNNTNTTTTS,10
TNNTTNNNNS,10
TNNTTNNNTS,10
TNNTTNNTNS,10
TNNTTNNTTS,10
TNNTTNTNNS,10
TNNTTNTNTS,10
TNNTTNTTNS,10
TNNTTNTTTS,10
TNNTTTNNNS,10
TNNTTTNNTS,10
TNNTTTNTNS,10
TNNTTTNTTS,10
TNNTTTTNNS,10
TNNTTTTNTS,10
TNNTTTTTNS,10
TNNTTTTTTS,10
TNTNNNNNNS,10
TNTNNNNNTS,10
TNTNNNNTNS,10
TNTNNNNTTS,10
TNTNNNTNNS,10
TNTNNNTNTS,10
TNTNNNTTNS,10
TNTNNNTTTS,10
TNTNNTNNNS,10
TNTNNTNNTS,10
TNTNNTNTNS,10
TNTNNTNTTS,10
TNTNNTTNNS,10
TNTNNTTNTS,10
TNTNNTTTNS,10
TNTNNTTTTS,10
TNTNTNNNNS,10
TNTNTNNNTS,10
TNTNTNNTNS,10
TNTNTNNTTS,10
TNTNTNTNNS,10
TNTNTNTNTS,10
TNTNTNTTNS,10
TNTNTNTTTS,10
TNTNTTNNNS,10
TNTNTTNNTS,10
TNTNTTNTNS,10
TNTNTTNTTS,10
TNTNTTTNNS,10
TNTNTTTNTS,10
TNTNTTTTNS,10
TNTNTTTTTS,10
TNTTNNNNNS,10
TNTTNNNNTS,10
TNTTNNNTNS,10
TNTTNNNTTS,10
TNTTNNTNNS,10
TNTTNNTNTS,10
TNTTNNTTNS,10
TNTTNNTTTS,10
TNTTNTNNNS,10
TNTTNTNNTS,10
TNTTNTNTNS,10
TNTTNTNTTS,10
TNTTNTTNNS,10
TNTTNTTNTS,10
TNTTNTTTNS,10
TNTTNTTTTS,10
TNTTTNNNNS,10
TNTTTNNNTS,10
TNTTTNNTNS,10
TNTTTNNTTS,10
TNTTTNTNNS,10
TNTTTNTNTS,10
TNTTTNTTNS,10
TNTTTNTTTS,10
TNTTTTNNNS,10
TNTTTTNNTS,10
TNTTTTNTNS,10
TNTTTTNTTS,10
TNTTTTTNNS,10
TNTTTTTNTS,10
TNTTTTTTNS,10
TNTTTTTTTS,10
TTNNNNNNNS,10
TTNNNNNNTS,10
TTNNNNNTNS,10
TTNNNNNTTS,10
TTNNNNTNNS,10
TTNNNNTNTS,10
TTNNNNTTNS,10
TTNNNNTTTS,10
TTNNNTNNNS,10
TTNNNTNNTS,10
TTNNNTNTNS,10
TTNNNTNTTS,10
TTNNNTTNNS,10
TTNNNTTNTS,10
TTNNNTTTNS,10
TTNNNTTTTS,10
TTNNTNNNNS,10
TTNNTNNNTS,10
TTNNTNNTNS,10
TTNNTNNTTS,10
TTNNTNTNNS,10
TTNNTNTNTS,10
TTNNTNTTNS,10
TTNNTNTTTS,10
TTNNTTNNNS,10
TTNNTTNNTS,10
TTNNTTNTNS,10
TTNNTTNTTS,10
TTNNTTTNNS,10
TTNNTTTNTS,10
TTNNTTTTNS,10
TTNNTTTTTS,10
TTNTNNNNNS,10
TTNTNNNNTS,10
TTNTNNNTNS,10
TTNTNNNTTS,10
TTNTNNTNNS,10
TTNTNNTNTS,10
TTNTNNTTNS,10
TTNTNNTTTS,10
TTNTNTNNNS,10
TTNTNTNNTS,10
TTNTNTNTNS,10
TTNTNTNTTS,10
TTNTNTTNNS,10
TTNTNTTNTS,10
TTNTNTTTNS,10
TTNTNTTTTS,10
TTNTTNNNNS,10
TTNTTNNNTS,10
TTNTTNNTNS,10
TTNTTNNTTS,10
TTNTTNTNNS,10
TTNTTNTNTS,10
TTNTTNTTNS,10
TTNTTNTTTS,10
TTNTTTNNNS,10
TTNTTTNNTS,10
TTNTTTNTNS,10
TTNTTTNTTS,10
TTNTTTTNNS,10
TTNTTTTNTS,10
TTNTTTTTNS,10
TTNTTTTTTS,10
TTTNNNNNNS,10
TTTNNNNNTS,10
TTTNNNNTNS,10
TTTNNNNTTS,10
TTTNNNTNNS,10
TTTNNNTNTS,10
TTTNNNTTNS,10
TTTNNNTTTS,10
TTTNNTNNNS,10
TTTNNTNNTS,10
TTTNNTNTNS,10
TTTNNTNTTS,10
TTTNNTTNNS,10
TTTNNTTNTS,10
TTTNNTTTNS,10
TTTNNTTTTS,10
TTTNTNNNNS,10
TTTNTNNNTS,10
TTTNTNNTNS,10
TTTNTNNTTS,10
TTTNTNTNNS,10
TTTNTNTNTS,10
TTTNTNTTNS,10
TTTNTNTTTS,10
TTTNTTNNNS,10
TTTNTTNNTS,10
TTTNTTNTNS,10
TTTNTTNTTS,10
TTTNTTTNNS,10
TTTNTTTNTS,10
TTTNTTTTNS,10
TTTNTTTTTS,10
TTTTNNNNNS,10
TTTTNNNNTS,10
TTTTNNNTNS,10
TTTTNNNTTS,10
TTTTNNTNNS,10
TTTTNNTNTS,10
TTTTNNTTNS,10
TTTTNNTTTS,10
TTTTNTNNNS,10
TTTTNTNNTS,10
TTTTNTNTNS,10
TTTTNTNTTS,10
TTTTNTTNNS,10
TTTTNTTNTS,10
TTTTNTTTNS,10
TTTTNTTTTS,10
TTTTTNNNNS,10
TTTTTNNNTS,10
TTTTTNNTNS,10
TTTTTNNTTS,10
TTTTTNTNNS,10
TTTTTNTNTS,10
TTTTTNTTNS,10
TTTTTNTTTS,10
TTTTTTNNNS,10
TTTTTTNNTS,10
TTTTTTNTNS,10
TTTTTTNTTS,10
TTTTTTTNNS,10
TTTTTTTNTS,10
TTTTTTTTNS,10
TTTTTTTTTS,10
NNNNNNNNNNS,11
NNNNNNNNNTS,11
NNNNNNNNTNS,11
NNNNNNNNTTS,11
NNNNNNNTNNS,11
NNNNNNNTNTS,11
NNNNNNNTTNS,11
NNNNNNNTTTS,11
NNNNNNTNNNS,11
NNNNNNTNNTS,11
NNNNNNTNTNS,11
NNNNNNTNTTS,11
NNNNNNTTNNS,11
NNNNNNTTNTS,11
NNNNNNTTTNS,11
NNNNNNTTTTS,11
NNNNNTNNNNS,11
NNNNNTNNNTS,11
NNNNNTNNTNS,11
NNNNNTNNTTS,11
NNNNNTNTNNS,11
NNNNNTNTNTS,11
NNNNNTNTTNS,11
NNNNNTNTTTS,11
NNNNNTTNNNS,11
NNNNNTTNNTS,11
NNNNNTTNTNS,11
NNNNNTTNTTS,11
NNNNNTTTNNS,11
NNNNNTTTNTS,11
NNNNNTTTTNS,11
NNNNNTTTTTS,11
NNNNTNNNNNS,11
NNNNTNNNNTS,11
NNNNTNNNTNS,11
NNNNTNNNTTS,11
NNNNTNNTNNS,11
NNNNTNNTNTS,11
NNNNTNNTTNS,11
NNNNTNNTTTS,11
NNNNTNTNNNS,11
NNNNTNTNNTS,11
NNNNTNTNTNS,11
NNNNTNTNTTS,11
NNNNTNTTNNS,11
NNNNTNTTNTS,11
NNNNTNTTTNS,11
NNNNTNTTTTS,11
NNNNTTNNNNS,11
NNNNTTNNNTS,11
NNNNTTNNTNS,11
NNNNTTNNTTS,11
NNNNTTNTNNS,11
NNNNTTNTNTS,11
NNNNTTNTTNS,11
NNNNTTNTTTS,11
NNNNTTTNNNS,11
NNNNTTTNNTS,11
NNNNTTTNTNS,11
NNNNTTTNTTS,11
NNNNTTTTNNS,11
NNNNTTTTNTS,11
NNNNTTTTTNS,11
NNNNTTTTTTS,11
NNNTNNNNNNS,11
NNNTNNNNNTS,11
NNNTNNNNTNS,11
NNNTNNNNTTS,11
NNNTNNNTNNS,11
NNNTNNNTNTS,11
NNNTNNNTTNS,11
NNNTNNNTTTS,11
NNNTNNTNNNS,11
NNNTNNTNNTS,11
NNNTNNTNTNS,11
NNNTNNTNTTS,11
NNNTNNTTNNS,11
NNNTNNTTNTS,11
NNNTNNTTTNS,11
NNNTNNTTTTS,11
NNNTNTNNNNS,11
NNNTNTNNNTS,11
NNNTNTNNTNS,11
NNNTNTNNTTS,11
NNNTNTNTNNS,11
NNNTNTNTNTS,11
NNNTNTNTTNS,11
NNNTNTNTTTS,11
NNNTNTTNNNS,11
NNNTNTTNNTS,11
NNNTNTTNTNS,11
NNNTNTTNTTS,11
NNNTNTTTNNS,11
NNNTNTTTNTS,11
NNNTNTTTTNS,11
NNNTNTTTTTS,11
NNNTTNNNNNS,11
NNNTTNNNNTS,11
NNNTTNNNTNS,11
NNNTTNNNTTS,11
NNNTTNNTNNS,11
NNNTTNNTNTS,11
NNNTTNNTTNS,11
NNNTTNNTTTS,11
NNNTTNTNNNS,11
NNNTTNTNNTS,11
NNNTTNTNTNS,11
NNNTTNTNTTS,11
NNNTTNTTNNS,11
NNNTTNTTNTS,11
NNNTTNTTTNS,11
NNNTTNTTTTS,11
NNNTTTNNNNS,11
NNNTTTNNNTS,11
NNNTTTNNTNS,11
NNNTTTNNTTS,11
NNNTTTNTNNS,11
NNNTTTNTNTS,11
NNNTTTNTTNS,11
NNNTTTNTTTS,11
NNNTTTTNNNS,11
NNNTTTTNNTS,11
NNNTTTTNTNS,11
NNNTTTTNTTS,11
NNNTTTTTNNS,11
NNNTTTTTNTS,11
NNNTTTTTTNS,11
NNNTTTTTTTS,11
NNTNNNNNNNS,11
NNTNNNNNNTS,11
NNTNNNNNTNS,11
NNTNNNNNTTS,11
NNTNNNNTNNS,11
NNTNNNNTNTS,11
NNTNNNNTTNS,11
NNTNNNNTTTS,11
NNTNNNTNNNS,11
NNTNNNTNNTS,11
NNTNNNTNTNS,11
NNTNNNTNTTS,11
NNTNNNTTNNS,11
NNTNNNTTNTS,11
NNTNNNTTTNS,11
NNTNNNTTTTS,11
NNTNNTNNNNS,11
NNTNNTNNNTS,11
NNTNNTNNTNS,11
NNTNNTNNTTS,11
NNTNNTNTNNS,11
NNTNNTNTNTS,11
NNTNNTNTTNS,11
NNTNNTNTTTS,11
NNTNNTTNNNS,11
NNTNNTTNNTS,11
NNTNNTTNTNS,11
NNTNNTTNTTS,11
NNTNNTTTNNS,11
NNTNNTTTNTS,11
NNTNNTTTTNS,11
NNTNNTTTTTS,11
NNTNTNNNNNS,11
NNTNTNNNNTS,11
NNTNTNNNTNS,11
NNTNTNNNTTS,11
NNTNTNNTNNS,11
NNTNTNNTNTS,11
NNTNTNNTTNS,11
NNTNTNNTTTS,11
NNTNTNTNNNS,11
NNTNTNTNNTS,11
NNTNTNTNTNS,11
NNTNTNTNTTS,11
NNTNTNTTNNS,11
NNTNTNTTNTS,11
NNTNTNTTTNS,11
NNTNTNTTTTS,11
NNTNTTNNNNS,11
NNTNTTNNNTS,11
NNTNTTNNTNS,11
NNTNTTNNTTS,11
NNTNTTNTNNS,11
NNTNTTNTNTS,11
NNTNTTNTTNS,11
NNTNTTNTTTS,11
NNTNTTTNNNS,11
NNTNTTTNNTS,11
NNTNTTTNTNS,11
NNTNTTTNTTS,11
NNTNTTTTNNS,11
NNTNTTTTNTS,11
NNTNTTTTTNS,11
NNTNTTTTTTS,11
NNTTNNNNNNS,11
NNTTNNNNNTS,11
NNTTNNNNTNS,11
NNTTNNNNTTS,11
NNTTNNNTNNS,11
NNTTNNNTNTS,11
NNTTNNNTTNS,11
NNTTNNNTTTS,11
NNTTNNTNNNS,11
NNTTNNTNNTS,11
NNTTNNTNTNS,11
NNTTNNTNTTS,11
NNTTNNTTNNS,11
NNTTNNTTNTS,11
NNTTNNTTTNS,11
NNTTNNTTTTS,11
NNTTNTNNNNS,11
NNTTNTNNNTS,11
NNTTNTNNTNS,11
NNTTNTNNTTS,11
NNTTNTNTNNS,11
NNTTNTNTNTS,11
NNTTNTNTTNS,11
NNTTNTNTTTS,11
NNTTNTTNNNS,11
NNTTNTTNNTS,11
NNTTNTTNTNS,11
NNTTNTTNTTS,11
NNTTNTTTNNS,11
NNTTNTTTNTS,11
NNTTNTTTTNS,11
NNTTNTTTTTS,11
NNTTTNNNNNS,11
NNTTTNNNNTS,11
NNTTTNNNTNS,11
NNTTTNNNTTS,11
NNTTTNNTNNS,11
NNTTTNNTNTS,11
NNTTTNNTTNS,11
NNTTTNNTTTS,11
NNTTTNTNNNS,11
NNTTTNTNNTS,11
NNTTTNTNTNS,11
NNTTTNTNTTS,11
NNTTTNTTNNS,11
NNTTTNTTNTS,11
NNTTTNTTTNS,11
NNTTTNTTTTS,11
NNTTTTNNNNS,11
NNTTTTNNNTS,11
NNTTTTNNTNS,11
NNTTTTNNTTS,11
NNTTTTNTNNS,11
NNTTTTNTNTS,11
NNTTTTNTTNS,11
NNTTTTNTTTS,11
NNTTTTTNNNS,11
NNTTTTTNNTS,11
NNTTTTTNTNS,11
NNTTTTTNTTS,11
NNTTTTTTNNS,11
NNTTTTTTNTS,11
NNTTTTTTTNS,11
NNTTTTTTTTS,11
NTNNNNNNNNS,11
NTNNNNNNNTS,11
NTNNNNNNTNS,11
NTNNNNNNTTS,11
NTNNNNNTNNS,11
NTNNNNNTNTS,11
NTNNNNNTTNS,11
NTNNNNNTTTS,11
NTNNNNTNNNS,11
NTNNNNTNNTS,11
NTNNNNTNTNS,11
NTNNNNTNTTS,11
NTNNNNTTNNS,11
NTNNNNTTNTS,11
NTNNNNTTTNS,11
NTNNNNTTTTS,11
NTNNNTNNNNS,11
NTNNNTNNNTS,11
NTNNNTNNTNS,11
NTNNNTNNTTS,11
NTNNNTNTNNS,11
NTNNNTNTNTS,11
NTNNNTNTTNS,11
NTNNNTNTTTS,11
NTNNNTTNNNS,11
NTNNNTTNNTS,11
NTNNNTTNTNS,11
NTNNNTTNTTS,11
NTNNNTTTNNS,11
NTNNNTTTNTS,11
NTNNNTTTTNS,11
NTNNNTTTTTS,11
NTNNTNNNNNS,11
NTNNTNNNNTS,11
NTNNTNNNTNS,11
NTNNTNNNTTS,11
NTNNTNNTNNS,11
NTNNTNNTNTS,11
NTNNTNNTTNS,11
NTNNTNNTTTS,11
NTNNTNTNNNS,11
NTNNTNTNNTS,11
NTNNTNTNTNS,11
NTNNTNTNTTS,11
NTNNTNTTNNS,11
NTNNTNTTNTS,11
NTNNTNTTTNS,11
NTNNTNTTTTS,11
NTNNTTNNNNS,11
NTNNTTNNNTS,11
NTNNTTNNTNS,11
NTNNTTNNTTS,11
NTNNTTNTNNS,11
NTNNTTNTNTS,11
NTNNTTNTTNS,11
NTNNTTNTTTS,11
NTNNTTTNNNS,11
NTNNTTTNNTS,11
NTNNTTTNTNS,11
NTNNTTTNTTS,11
NTNNTTTTNNS,11
NTNNTTTTNTS,11
NTNNTTTTTNS,11
NTNNTTTTTTS,11
NTNTNNNNNNS,11
NTNTNNNNNTS,11
NTNTNNNNTNS,11
NTNTNNNNTTS,11
NTNTNNNTNNS,11
NTNTNNNTNTS,11
NTNTNNNTTNS,11
NTNTNNNTTTS,11
NTNTNNTNNNS,11
NTNTNNTNNTS,11
NTNTNNTNTNS,11
NTNTNNTNTTS,11
NTNTNNTTNNS,11
NTNTNNTTNTS,11
NTNTNNTTTNS,11
NTNTNNTTTTS,11
NTNTNTNNNNS,11
NTNTNTNNNTS,11
NTNTNTNNTNS,11
NTNTNTNNTTS,11
NTNTNTNTNNS,11
NTNTNTNTNTS,11
NTNTNTNTTNS,11
NTNTNTNTTTS,11
NTNTNTTNNNS,11
NTNTNTTNNTS,11
NTNTNTTNTNS,11
NTNTNTTNTTS,11
NTNTNTTTNNS,11
NTNTNTTTNTS,11
NTNTNTTTTNS,11
NTNTNTTTTTS,11
NTNTTNNNNNS,11
NTNTTNNNNTS,11
NTNTTNNNTNS,11
NTNTTNNNTTS,11
NTNTTNNTNNS,11
NTNTTNNTNTS,11
NTNTTNNTTNS,11
NTNTTNNTTTS,11
NTNTTNTNNNS,11
NTNTTNTNNTS,11
NTNTTNTNTNS,11
NTNTTNTNTTS,11
NTNTTNTTNNS,11
NTNTTNTTNTS,11
NTNTTNTTTNS,11
NTNTTNTTTTS,11
NTNTTTNNNNS,11
NTNTTTNNNTS,11
NTNTTTNNTNS,11
NTNTTTNNTTS,11
NTNTTTNTNNS,11
NTNTTTNTNTS,11
NTNTTTNTTNS,11
NTNTTTNTTTS,11
NTNTTTTNNNS,11
NTNTTTTNNTS,11
NTNTTTTNTNS,11
NTNTTTTNTTS,11
NTNTTTTTNNS,11
NTNTTTTTNTS,11
NTNTTTTTTNS,11
NTNTTTTTTTS,11
NTTNNNNNNNS,11
NTTNNNNNNTS,11
NTTNNNNNTNS,11
NTTNNNNNTTS,11
NTTNNNNTNNS,11
NTTNNNNTNTS,11
NTTNNNNTTNS,11
NTTNNNNTTTS,11
NTTNNNTNNNS,11
NTTNNNTNNTS,11
NTTNNNTNTNS,11
NTTNNNTNTTS,11
NTTNNNTTNNS,11
NTTNNNTTNTS,11
NTTNNNTTTNS,11
NTTNNNTTTTS,11
NTTNNTNNNNS,11
NTTNNTNNNTS,11
NTTNNTNNTNS,11
NTTNNTNNTTS,11
NTTNNTNTNNS,11
NTTNNTNTNTS,11
NTTNNTNTTNS,11
NTTNNTNTTTS,11
NTTNNTTNNNS,11
NTTNNTTNNTS,11
NTTNNTTNTNS,11
NTTNNTTNTTS,11
NTTNNTTTNNS,11
NTTNNTTTNTS,11
NTTNNTTTTNS,11
NTTNNTTTTTS,11
NTTNTNNNNNS,11
NTTNTNNNNTS,11
NTTNTNNNTNS,11
NTTNTNNNTTS,11
NTTNTNNTNNS,11
NTTNTNNTNTS,11
NTTNTNNTTNS,11
NTTNTNNTTTS,11
NTTNTNTNNNS,11
NTTNTNTNNTS,11
NTTNTNTNTNS,11
NTTNTNTNTTS,11
NTTNTNTTNNS,11
NTTNTNTTNTS,11
NTTNTNTTTNS,11
NTTNTNTTTTS,11
NTTNTTNNNNS,11
NTTNTTNNNTS,11
NTTNTTNNTNS,11
NTTNTTNNTTS,11
NTTNTTNTNNS,11
NTTNTTNTNTS,11
NTTNTTNTTNS,11
NTTNTTNTTTS,11
NTTNTTTNNNS,11
NTTNTTTNNTS,11
NTTNTTTNTNS,11
NTTNTTTNTTS,11
NTTNTTTTNNS,11
NTTNTTTTNTS,11
NTTNTTTTTNS,11
NTTNTTTTTTS,11
NTTTNNNNNNS,11
NTTTNNNNNTS,11
NTTTNNNNTNS,11
NTTTNNNNTTS,11
NTTTNNNTNNS,11
NTTTNNNTNTS,11
NTTTNNNTTNS,11
NTTTNNNTTTS,11
NTTTNNTNNNS,11
NTTTNNTNNTS,11
NTTTNNTNTNS,11
NTTTNNTNTTS,11
NTTTNNTTNNS,11
NTTTNNTTNTS,11
NTTTNNTTTNS,11
NTTTNNTTTTS,11
NTTTNTNNNNS,11
NTTTNTNNNTS,11
NTTTNTNNTNS,11
NTTTNTNNTTS,11
NTTTNTNTNNS,11
NTTTNTNTNTS,11
NTTTNTNTTNS,11
NTTTNTNTTTS,11
NTTTNTTNNNS,11
NTTTNTTNNTS,11
NTTTNTTNTNS,11
NTTTNTTNTTS,11
NTTTNTTTNNS,11
NTTTNTTTNTS,11
NTTTNTTTTNS,11
NTTTNTTTTTS,11
NTTTTNNNNNS,11
NTTTTNNNNTS,11
NTTTTNNNTNS,11
NTTTTNNNTTS,11
NTTTTNNTNNS,11
NTTTTNNTNTS,11
NTTTTNNTTNS,11
NTTTTNNTTTS,11
NTTTTNTNNNS,11
NTTTTNTNNTS,11
NTTTTNTNTNS,11
NTTTTNTNTTS,11
NTTTTNTTNNS,11
NTTTTNTTNTS,11
NTTTTNTTTNS,11
NTTTTNTTTTS,11
NTTTTTNNNNS,11
NTTTTTNNNTS,11
NTTTTTNNTNS,11
NTTTTTNNTTS,11
NTTTTTNTNNS,11
NTTTTTNTNTS,11
NTTTTTNTTNS,11
NTTTTTNTTTS,11
NTTTTTTNNNS,11
NTTTTTTNNTS,11
NTTTTTTNTNS,11
NTTTTTTNTTS,11
NTTTTTTTNNS,11
NTTTTTTTNTS,11
NTTTTTTTTNS,11
NTTTTTTTTTS,11
TNNNNNNNNNS,11
TNNNNNNNNTS,11
TNNNNNNNTNS,11
TNNNNNNNTTS,11
TNNNNNNTNNS,11
TNNNNNNTNTS,11
TNNNNNNTTNS,11
TNNNNNNTTTS,11
TNNNNNTNNNS,11
TNNNNNTNNTS,11
TNNNNNTNTNS,11
TNNNNNTNTTS,11
TNNNNNTTNNS,11
TNNNNNTTNTS,11
TNNNNNTTTNS,11
TNNNNNTTTTS,11
TNNNNTNNNNS,11
TNNNNTNNNTS,11
TNNNNTNNTNS,11
TNNNNTNNTTS,11
TNNNNTNTNNS,11
TNNNNTNTNTS,11
TNNNNTNTTNS,11
TNNNNTNTTTS,11
TNNNNTTNNNS,11
TNNNNTTNNTS,11
TNNNNTTNTNS,11
TNNNNTTNTTS,11
TNNNNTTTNNS,11
TNNNNTTTNTS,11
TNNNNTTTTNS,11
TNNNNTTTTTS,11
TNNNTNNNNNS,11
TNNNTNNNNTS,11
TNNNTNNNTNS,11
TNNNTNNNTTS,11
TNNNTNNTNNS,11
TNNNTNNTNTS,11
TNNNTNNTTNS,11
TNNNTNNTTTS,11
TNNNTNTNNNS,11
TNNNTNTNNTS,11
TNNNTNTNTNS,11
TNNNTNTNTTS,11
TNNNTNTTNNS,11
TNNNTNTTNTS,11
TNNNTNTTTNS,11
TNNNTNTTTTS,11
TNNNTTNNNNS,11
TNNNTTNNNTS,11
TNNNTTNNTNS,11
TNNNTTNNTTS,11
TNNNTTNTNNS,11
TNNNTTNTNTS,11
TNNNTTNTTNS,11
TNNNTTNTTTS,11
TNNNTTTNNNS,11
TNNNTTTNNTS,11
TNNNTTTNTNS,11
TNNNTTTNTTS,11
TNNNTTTTNNS,11
TNNNTTTTNTS,11
TNNNTTTTTNS,11
TNNNTTTTTTS,11
TNNTNNNNNNS,11
TNNTNNNNNTS,11
TNNTNNNNTNS,11
TNNTNNNNTTS,11
TNNTNNNTNNS,11
TNNTNNNTNTS,11
TNNTNNNTTNS,11
TNNTNNNTTTS,11
TNNTNNTNNNS,11
TNNTNNTNNTS,11
TNNTNNTNTNS,11
TNNTNNTNTTS,11
TNNTNNTTNNS,11
TNNTNNTTNTS,11
TNNTNNTTTNS,11
TNNTNNTTTTS,11
TNNTNTNNNNS,11
TNNTNTNNNTS,11
TNNTNTNNTNS,11
TNNTNTNNTTS,11
TNNTNTNTNNS,11
TNNTNTNTNTS,11
TNNTNTNTTNS,11
TNNTNTNTTTS,11
TNNTNTTNNNS,11
TNNTNTTNNTS,11
TNNTNTTNTNS,11
TNNTNTTNTTS,11
TNNTNTTTNNS,11
TNNTNTTTNTS,11
TNNTNTTTTNS,11
TNNTNTTTTTS,11
TNNTTNNNNNS,11
TNNTTNNNNTS,11
TNNTTNNNTNS,11
TNNTTNNNTTS,11
TNNTTNNTNNS,11
TNNTTNNTNTS,11
TNNTTNNTTNS,11
TNNTTNNTTTS,11
TNNTTNTNNNS,11
TNNTTNTNNTS,11
TNNTTNTNTNS,11
TNNTTNTNTTS,11
TNNTTNTTNNS,11
TNNTTNTTNTS,11
TNNTTNTTTNS,11
TNNTTNTTTTS,11
TNNTTTNNNNS,11
TNNTTTNNNTS,11
TNNTTTNNTNS,11
TNNTTTNNTTS,11
TNNTTTNTNNS,11
TNNTTTNTNTS,11
TNNTTTNTTNS,11
TNNTTTNTTTS,11
TNNTTTTNNNS,11
TNNTTTTNNTS,11
TNNTTTTNTNS,11
TNNTTTTNTTS,11
TNNTTTTTNNS,11
TNNTTTTTNTS,11
TNNTTTTTTNS,11
TNNTTTTTTTS,11
TNTNNNNNNNS,11
TNTNNNNNNTS,11
TNTNNNNNTNS,11
TNTNNNNNTTS,11
TNTNNNNTNNS,11
TNTNNNNTNTS,11
TNTNNNNTTNS,11
TNTNNNNTTTS,11
TNTNNNTNNNS,11
TNTNNNTNNTS,11
TNTNNNTNTNS,11
TNTNNNTNTTS,11
TNTNNNTTNNS,11
TNTNNNTTNTS,11
TNTNNNTTTNS,11
TNTNNNTTTTS,11
TNTNNTNNNNS,11
TNTNNTNNNTS,11
TNTNNTNNTNS,11
TNTNNTNNTTS,11
TNTNNTNTNNS,11
TNTNNTNTNTS,11
TNTNNTNTTNS,11
TNTNNTNTTTS,11
TNTNNTTNNNS,11
TNTNNTTNNTS,11
TNTNNTTNTNS,11
TNTNNTTNTTS,11
TNTNNTTTNNS,11
TNTNNTTTNTS,11
TNTNNTTTTNS,11
TNTNNTTTTTS,11
TNTNTNNNNNS,11
TNTNTNNNNTS,11
TNTNTNNNTNS,11
TNTNTNNNTTS,11
TNTNTNNTNNS,11
TNTNTNNTNTS,11
TNTNTNNTTNS,11
TNTNTNNTTTS,11
TNTNTNTNNNS,11
TNTNTNTNNTS,11
TNTNTNTNTNS,11
TNTNTNTNTTS,11
TNTNTNTTNNS,11
TNTNTNTTNTS,11
TNTNTNTTTNS,11
TNTNTNTTTTS,11
TNTNTTNNNNS,11
TNTNTTNNNTS,11
TNTNTTNNTNS,11
TNTNTTNNTTS,11
TNTNTTNTNNS,11
TNTNTTNTNTS,11
TNTNTTNTTNS,11
TNTNTTNTTTS,11
TNTNTTTNNNS,11
TNTNTTTNNTS,11
TNTNTTTNTNS,11
TNTNTTTNTTS,11
TNTNTTTTNNS,11
TNTNTTTTNTS,11
TNTNTTTTTNS,11
TNTNTTTTTTS,11
TNTTNNNNNNS,11
TNTTNNNNNTS,11
TNTTNNNNTNS,11
TNTTNNNNTTS,11
TNTTNNNTNNS,11
TNTTNNNTNTS,11
TNTTNNNTTNS,11
TNTTNNNTTTS,11
TNTTNNTNNNS,11
TNTTNNTNNTS,11
TNTTNNTNTNS,11
TNTTNNTNTTS,11
TNTTNNTTNNS,11
TNTTNNTTNTS,11
TNTTNNTTTNS,11
TNTTNNTTTTS,11
TNTTNTNNNNS,11
TNTTNTNNNTS,11
TNTTNTNNTNS,11
TNTTNTNNTTS,11
TNTTNTNTNNS,11
TNTTNTNTNTS,11
TNTTNTNTTNS,11
TNTTNTNTTTS,11
TNTTNTTNNNS,11
TNTTNTTNNTS,11
TNTTNTTNTNS,11
TNTTNTTNTTS,11
TNTTNTTTNNS,11
TNTTNTTTNTS,11
TNTTNTTTTNS,11
TNTTNTTTTTS,11
TNTTTNNNNNS,11
TNTTTNNNNTS,11
TNTTTNNNTNS,11
TNTTTNNNTTS,11
TNTTTNNTNNS,11
TNTTTNNTNTS,11
TNTTTNNTTNS,11
TNTTTNNTTTS,11
TNTTTNTNNNS,11
TNTTTNTNNTS,11
TNTTTNTNTNS,11
TNTTTNTNTTS,11
TNTTTNTTNNS,11
TNTTTNTTNTS,11
TNTTTNTTTNS,11
TNTTTNTTTTS,11
TNTTTTNNNNS,11
TNTTTTNNNTS,11
TNTTTTNNTNS,11
TNTTTTNNTTS,11
TNTTTTNTNNS,11
TNTTTTNTNTS,11
TNTTTTNTTNS,11
TNTTTTNTTTS,11
TNTTTTTNNNS,11
TNTTTTTNNTS,11
TNTTTTTNTNS,11
TNTTTTTNTTS,11
TNTTTTTTNNS,11
TNTTTTTTNTS,11
TNTTTTTTTNS,11
TNTTTTTTTTS,11
TTNNNNNNNNS,11
TTNNNNNNNTS,11
TTNNNNNNTNS,11
TTNNNNNNTTS,11
TTNNNNNTNNS,11
TTNNNNNTNTS,11
TTNNNNNTTNS,11
TTNNNNNTTTS,11
TTNNNNTNNNS,11
TTNNNNTNNTS,11
TTNNNNTNTNS,11
TTNNNNTNTTS,11
TTNNNNTTNNS,11
TTNNNNTTNTS,11
TTNNNNTTTNS,11
TTNNNNTTTTS,11
TTNNNTNNNNS,11
TTNNNTNNNTS,11
TTNNNTNNTNS,11
TTNNNTNNTTS,11
TTNNNTNTNNS,11
TTNNNTNTNTS,11
TTNNNTNTTNS,11
TTNNNTNTTTS,11
TTNNNTTNNNS,11
TTNNNTTNNTS,11
TTNNNTTNTNS,11
TTNNNTTNTTS,11
TTNNNTTTNNS,11
TTNNNTTTNTS,11
TTNNNTTTTNS,11
TTNNNTTTTTS,11
TTNNTNNNNNS,11
TTNNTNNNNTS,11
TTNNTNNNTNS,11
TTNNTNNNTTS,11
TTNNTNNTNNS,11
TTNNTNNTNTS,11
TTNNTNNTTNS,11
TTNNTNNTTTS,11
TTNNTNTNNNS,11
TTNNTNTNNTS,11
TTNNTNTNTNS,11
TTNNTNTNTTS,11
TTNNTNTTNNS,11
TTNNTNTTNTS,11
TTNNTNTTTNS,11
TTNNTNTTTTS,11
TTNNTTNNNNS,11
TTNNTTNNNTS,11
TTNNTTNNTNS,11
TTNNTTNNTTS,11
TTNNTTNTNNS,11
TTNNTTNTNTS,11
TTNNTTNTTNS,11
TTNNTTNTTTS,11
TTNNTTTNNNS,11
TTNNTTTNNTS,11
TTNNTTTNTNS,11
TTNNTTTNTTS,11
TTNNTTTTNNS,11
TTNNTTTTNTS,11
TTNNTTTTTNS,11
TTNNTTTTTTS,11
TTNTNNNNNNS,11
TTNTNNNNNTS,11
TTNTNNNNTNS,11
TTNTNNNNTTS,11
TTNTNNNTNNS,11
TTNTNNNTNTS,11
TTNTNNNTTNS,11
TTNTNNNTTTS,11
TTNTNNTNNNS,11
TTNTNNTNNTS,11
TTNTNNTNTNS,11
TTNTNNTNTTS,11
TTNTNNTTNNS,11
TTNTNNTTNTS,11
TTNTNNTTTNS,11
TTNTNNTTTTS,11
TTNTNTNNNNS,11
TTNTNTNNNTS,11
TTNTNTNNTNS,11
TTNTNTNNTTS,11
TTNTNTNTNNS,11
TTNTNTNTNTS,11
TTNTNTNTTNS,11
TTNTNTNTTTS,11
TTNTNTTNNNS,11
TTNTNTTNNTS,11
TTNTNTTNTNS,11
TTNTNTTNTTS,11
TTNTNTTTNNS,11
TTNTNTTTNTS,11
TTNTNTTTTNS,11
TTNTNTTTTTS,11
TTNTTNNNNNS,11
TTNTTNNNNTS,11
TTNTTNNNTNS,11
TTNTTNNNTTS,11
TTNTTNNTNNS,11
TTNTTNNTNTS,11
TTNTTNNTTNS,11
TTNTTNNTTTS,11
TTNTTNTNNNS,11
TTNTTNTNNTS,11
TTNTTNTNTNS,11
TTNTTNTNTTS,11
TTNTTNTTNNS,11
TTNTTNTTNTS,11
TTNTTNTTTNS,11
TTNTTNTTTTS,11
TTNTTTNNNNS,11
TTNTTTNNNTS,11
TTNTTTNNTNS,11
TTNTTTNNTTS,11
TTNTTTNTNNS,11
TTNTTTNTNTS,11
TTNTTTNTTNS,11
TTNTTTNTTTS,11
TTNTTTTNNNS,11
TTNTTTTNNTS,11
TTNTTTTNTNS,11
TTNTTTTNTTS,11
TTNTTTTTNNS,11
TTNTTTTTNTS,11
TTNTTTTTTNS,11
TTNTTTTTTTS,11
TTTNNNNNNNS,11
TTTNNNNNNTS,11
TTTNNNNNTNS,11
TTTNNNNNTTS,11
TTTNNNNTNNS,11
TTTNNNNTNTS,11
TTTNNNNTTNS,11
TTTNNNNTTTS,11
TTTNNNTNNNS,11
TTTNNNTNNTS,11
TTTNNNTNTNS,11
TTTNNNTNTTS,11
TTTNNNTTNNS,11
TTTNNNTTNTS,11
TTTNNNTTTNS,11
TTTNNNTTTTS,11
TTTNNTNNNNS,11
TTTNNTNNNTS,11
TTTNNTNNTNS,11
TTTNNTNNTTS,11
TTTNNTNTNNS,11
TTTNNTNTNTS,11
TTTNNTNTTNS,11
TTTNNTNTTTS,11
TTTNNTTNNNS,11
TTTNNTTNNTS,11
TTTNNTTNTNS,11
TTTNNTTNTTS,11
TTTNNTTTNNS,11
TTTNNTTTNTS,11
TTTNNTTTTNS,11
TTTNNTTTTTS,11
TTTNTNNNNNS,11
TTTNTNNNNTS,11
TTTNTNNNTNS,11
TTTNTNNNTTS,11
TTTNTNNTNNS,11
TTTNTNNTNTS,11
TTTNTNNTTNS,11
TTTNTNNTTTS,11
TTTNTNTNNNS,11
TTTNTNTNNTS,11
TTTNTNTNTNS,11
TTTNTNTNTTS,11
TTTNTNTTNNS,11
TTTNTNTTNTS,11
TTTNTNTTTNS,11
TTTNTNTTTTS,11
TTTNTTNNNNS,11
TTTNTTNNNTS,11
TTTNTTNNTNS,11
TTTNTTNNTTS,11
TTTNTTNTNNS,11
TTTNTTNTNTS,11
TTTNTTNTTNS,11
TTTNTTNTTTS,11
TTTNTTTNNNS,11
TTTNTTTNNTS,11
TTTNTTTNTNS,11
TTTNTTTNTTS,11
TTTNTTTTNNS,11
TTTNTTTTNTS,11
TTTNTTTTTNS,11
TTTNTTTTTTS,11
TTTTNNNNNNS,11
TTTTNNNNNTS,11
TTTTNNNNTNS,11
TTTTNNNNTTS,11
TTTTNNNTNNS,11
TTTTNNNTNTS,11
TTTTNNNTTNS,11
TTTTNNNTTTS,11
TTTTNNTNNNS,11
TTTTNNTNNTS,11
TTTTNNTNTNS,11
TTTTNNTNTTS,11
TTTTNNTTNNS,11
TTTTNNTTNTS,11
TTTTNNTTTNS,11
TTTTNNTTTTS,11
TTTTNTNNNNS,11
TTTTNTNNNTS,11
TTTTNTNNTNS,11
TTTTNTNNTTS,11
TTTTNTNTNNS,11
TTTTNTNTNTS,11
TTTTNTNTTNS,11
TTTTNTNTTTS,11
TTTTNTTNNNS,11
TTTTNTTNNTS,11
TTTTNTTNTNS,11
TTTTNTTNTTS,11
TTTTNTTTNNS,11
TTTTNTTTNTS,11
TTTTNTTTTNS,11
TTTTNTTTTTS,11
TTTTTNNNNNS,11
TTTTTNNNNTS,11
TTTTTNNNTNS,11
TTTTTNNNTTS,11
TTTTTNNTNNS,11
TTTTTNNTNTS,11
TTTTTNNTTNS,11
TTTTTNNTTTS,11
TTTTTNTNNNS,11
TTTTTNTNNTS,11
TTTTTNTNTNS,11
TTTTTNTNTTS,11
TTTTTNTTNNS,11
TTTTTNTTNTS,11
TTTTTNTTTNS,11
TTTTTNTTTTS,11
TTTTTTNNNNS,11
TTTTTTNNNTS,11
TTTTTTNNTNS,11
TTTTTTNNTTS,11
TTTTTTNTNNS,11
TTTTTTNTNTS,11
TTTTTTNTTNS,11
TTTTTTNTTTS,11
TTTTTTTNNNS,11
TTTTTTTNNTS,11
TTTTTTTNTNS,11
TTTTTTTNTTS,11
TTTTTTTTNNS,11
TTTTTTTTNTS,11
TTTTTTTTTNS,11
TTTTTTTTTTS,11
